Phase,Technique,Time_Required,Expected_Gain,Cumulative_Gain
Phase 1: Quick Wins,CatBoost with MAE Loss,30 min,8-12%,8-12%
Phase 1: Quick Wins,Quantile Regression,20 min,5-10%,13-22%
Phase 1: Quick Wins,Huber Regression,15 min,5-8%,18-30%
Phase 1: Quick Wins,Winsorization,20 min,3-6%,21-36%
Phase 2: Advanced,SHAP Feature Selection,45 min,3-7%,24-43%
Phase 2: Advanced,Advanced Target Transform,60 min,10-15%,34-58%
Phase 2: Advanced,Bayesian Optimization,60 min,8-15%,42-73%
Phase 3: Expert,Multi-Level Stacking,90 min,10-20%,52-93%
Phase 3: Expert,Ensemble Weight Optimization,120 min,5-12%,57-105%
Phase 3: Expert,Robust Cross-Validation,45 min,2-5%,59-110%
